Algoritmo,Tamanho,Comparações (Aleatório),Comparações (Ordenado),Comparações (Reverso),Trocas (Aleatório),Trocas (Ordenado),Trocas (Reverso),Tempo (Aleatório),Tempo (Ordenado),Tempo (Reverso)
Selection Sort,10,45,45,45,7,0,5,0.07,0.08,0.02
Selection Sort,20,190,190,190,17,0,10,0.02,0.01,0.03
Selection Sort,30,435,435,435,27,0,15,0.01,0.00,0.01
Selection Sort,40,780,780,780,36,0,20,0.01,0.00,0.01
Selection Sort,50,1225,1225,1225,46,0,25,0.02,0.01,0.01
Selection Sort,60,1770,1770,1770,54,0,30,0.02,0.03,0.01
Selection Sort,70,2415,2415,2415,67,0,35,0.02,0.01,0.02
Selection Sort,80,3160,3160,3160,72,0,40,0.04,0.01,0.02
Selection Sort,90,4005,4005,4005,85,0,45,0.04,0.01,0.03
Selection Sort,100,4950,4950,4950,92,0,50,0.02,0.02,0.02
Selection Sort,110,5995,5995,5995,107,0,55,0.03,0.02,0.03
Selection Sort,120,7140,7140,7140,117,0,60,0.03,0.02,0.03
Selection Sort,130,8385,8385,8385,125,0,65,0.04,0.03,0.03
Selection Sort,140,9730,9730,9730,135,0,70,0.04,0.06,0.04
Selection Sort,150,11175,11175,11175,143,0,75,0.05,0.04,0.04
Selection Sort,160,12720,12720,12720,150,0,80,0.08,0.04,0.05
Selection Sort,170,14365,14365,14365,163,0,85,0.08,0.05,0.06
Selection Sort,180,16110,16110,16110,177,0,90,0.07,0.05,0.06
Selection Sort,190,17955,17955,17955,183,0,95,0.07,0.06,0.07
Selection Sort,200,19900,19900,19900,191,0,100,0.08,0.07,0.08
Selection Sort,210,21945,21945,21945,205,0,105,0.13,0.07,0.08
Selection Sort,220,24090,24090,24090,215,0,110,0.10,0.08,0.11
Selection Sort,230,26335,26335,26335,224,0,115,0.11,0.09,0.10
Selection Sort,240,28680,28680,28680,236,0,120,0.12,0.10,0.11
Selection Sort,250,31125,31125,31125,246,0,125,0.12,0.10,0.12
Selection Sort,260,33670,33670,33670,256,0,130,0.13,0.11,0.13
Selection Sort,270,36315,36315,36315,265,0,135,0.14,0.12,0.14
Selection Sort,280,39060,39060,39060,274,0,140,0.15,0.13,0.18
Selection Sort,290,41905,41905,41905,286,0,145,0.17,0.14,0.15
Selection Sort,300,44850,44850,44850,291,0,150,0.19,0.15,0.17
Selection Sort,310,47895,47895,47895,304,0,155,0.17,0.17,0.17
Selection Sort,320,51040,51040,51040,312,0,160,0.18,0.17,0.18
Selection Sort,330,54285,54285,54285,326,0,165,0.20,0.19,0.19
Selection Sort,340,57630,57630,57630,331,0,170,0.21,0.19,0.20
Selection Sort,350,61075,61075,61075,339,0,175,0.22,0.20,0.22
Selection Sort,360,64620,64620,64620,357,0,180,0.24,0.21,0.23
Selection Sort,370,68265,68265,68265,364,0,185,0.16,0.16,0.16
Selection Sort,380,72010,72010,72010,374,0,190,0.17,0.17,0.17
Selection Sort,390,75855,75855,75855,379,0,195,0.18,0.17,0.17
Selection Sort,400,79800,79800,79800,386,0,200,0.19,0.18,0.18
Selection Sort,410,83845,83845,83845,404,0,205,0.20,0.19,0.19
Selection Sort,420,87990,87990,87990,412,0,210,0.21,0.19,0.20
Selection Sort,430,92235,92235,92235,424,0,215,0.23,0.20,0.25
Selection Sort,440,96580,96580,96580,436,0,220,0.23,0.21,0.21
Selection Sort,450,101025,101025,101025,447,0,225,0.24,0.22,0.22
Selection Sort,460,105570,105570,105570,449,0,230,0.25,0.24,0.23
Selection Sort,470,110215,110215,110215,465,0,235,0.26,0.25,0.24
Selection Sort,480,114960,114960,114960,474,0,240,0.27,0.26,0.25
Selection Sort,490,119805,119805,119805,481,0,245,0.28,0.26,0.27
Selection Sort,500,124750,124750,124750,496,0,250,0.29,0.28,0.28
Selection Sort,510,129795,129795,129795,505,0,255,0.30,0.29,0.30
Selection Sort,520,134940,134940,134940,515,0,260,0.32,0.30,0.31
Selection Sort,530,140185,140185,140185,523,0,265,0.33,0.31,0.32
Selection Sort,540,145530,145530,145530,534,0,270,0.34,0.33,0.32
Selection Sort,550,150975,150975,150975,543,0,275,0.36,0.33,0.33
Selection Sort,560,156520,156520,156520,552,0,280,0.36,0.35,0.34
Selection Sort,570,162165,162165,162165,565,0,285,0.38,0.36,0.36
Selection Sort,580,167910,167910,167910,569,0,290,0.39,0.38,0.37
Selection Sort,590,173755,173755,173755,581,0,295,0.40,0.39,0.38
Selection Sort,600,179700,179700,179700,592,0,300,0.42,0.40,0.40
Selection Sort,610,185745,185745,185745,601,0,305,0.43,0.41,0.41
Selection Sort,620,191890,191890,191890,616,0,310,0.45,0.42,0.43
Selection Sort,630,198135,198135,198135,628,0,315,0.46,0.44,0.44
Selection Sort,640,204480,204480,204480,629,0,320,0.47,0.45,0.45
Selection Sort,650,210925,210925,210925,644,0,325,0.53,0.47,0.46
Selection Sort,660,217470,217470,217470,654,0,330,0.50,0.48,0.48
Selection Sort,670,224115,224115,224115,658,0,335,0.52,0.49,0.50
Selection Sort,680,230860,230860,230860,673,0,340,0.53,0.51,0.51
Selection Sort,690,237705,237705,237705,685,0,345,0.55,0.52,0.52
Selection Sort,700,244650,244650,244650,694,0,350,0.57,0.54,0.54
Selection Sort,710,251695,251695,251695,703,0,355,0.58,0.56,0.55
Selection Sort,720,258840,258840,258840,713,0,360,0.60,0.57,0.57
Selection Sort,730,266085,266085,266085,722,0,365,0.61,0.58,0.59
Selection Sort,740,273430,273430,273430,733,0,370,0.63,0.61,0.60
Selection Sort,750,280875,280875,280875,743,0,375,0.65,0.62,0.62
Selection Sort,760,288420,288420,288420,749,0,380,0.66,0.64,0.63
Selection Sort,770,296065,296065,296065,760,0,385,0.68,0.65,0.65
Selection Sort,780,303810,303810,303810,774,0,390,0.69,0.67,0.67
Selection Sort,790,311655,311655,311655,788,0,395,0.72,0.69,0.68
Selection Sort,800,319600,319600,319600,796,0,400,0.73,0.70,0.70
Selection Sort,810,327645,327645,327645,803,0,405,0.75,0.72,0.72
Selection Sort,820,335790,335790,335790,816,0,410,0.77,0.74,0.74
Selection Sort,830,344035,344035,344035,822,0,415,0.79,0.75,0.76
Selection Sort,840,352380,352380,352380,833,0,420,0.81,0.78,0.77
Selection Sort,850,360825,360825,360825,846,0,425,0.83,0.80,0.79
Selection Sort,860,369370,369370,369370,854,0,430,0.85,0.81,0.81
Selection Sort,870,378015,378015,378015,858,0,435,0.87,0.84,0.91
Selection Sort,880,386760,386760,386760,870,0,440,0.88,0.85,0.85
Selection Sort,890,395605,395605,395605,883,0,445,0.90,0.87,0.93
Selection Sort,900,404550,404550,404550,893,0,450,0.93,0.89,0.89
Selection Sort,910,413595,413595,413595,901,0,455,0.95,0.91,0.91
Selection Sort,920,422740,422740,422740,915,0,460,0.96,0.93,0.93
Selection Sort,930,431985,431985,431985,924,0,465,1.01,0.96,0.95
Selection Sort,940,441330,441330,441330,933,0,470,1.00,0.97,0.97
Selection Sort,950,450775,450775,450775,942,0,475,1.03,0.99,0.99
Selection Sort,960,460320,460320,460320,952,0,480,1.05,1.01,1.01
Selection Sort,970,469965,469965,469965,958,0,485,1.07,1.03,1.03
Selection Sort,980,479710,479710,479710,968,0,490,1.09,1.05,1.05
Selection Sort,990,489555,489555,489555,984,0,495,1.11,1.08,1.07
Selection Sort,1000,499500,499500,499500,991,0,500,1.95,1.72,1.09
Bubble Sort,10,42,9,45,15,0,45,0.10,0.00,0.01
Bubble Sort,20,180,19,190,101,0,190,0.03,0.00,0.04
Bubble Sort,30,434,29,435,223,0,435,0.07,0.00,0.11
Bubble Sort,40,765,39,780,414,0,780,0.07,0.00,0.08
Bubble Sort,50,1210,49,1225,724,0,1225,0.05,0.00,0.07
Bubble Sort,60,1755,59,1770,933,0,1770,0.06,0.00,0.10
Bubble Sort,70,2405,69,2415,1325,0,2415,0.08,0.00,0.13
Bubble Sort,80,3139,79,3160,1698,0,3160,0.10,0.00,0.15
Bubble Sort,90,3900,89,4005,1838,0,4005,0.04,0.00,0.05
Bubble Sort,100,4760,99,4950,2417,0,4950,0.05,0.00,0.06
Bubble Sort,110,5904,109,5995,3031,0,5995,0.05,0.00,0.07
Bubble Sort,120,6950,119,7140,3538,0,7140,0.06,0.00,0.11
Bubble Sort,130,8364,129,8385,3864,0,8385,0.07,0.00,0.09
Bubble Sort,140,9724,139,9730,4742,0,9730,0.10,0.00,0.11
Bubble Sort,150,11004,149,11175,5901,0,11175,0.10,0.00,0.12
Bubble Sort,160,12444,159,12720,6275,0,12720,0.11,0.00,0.17
Bubble Sort,170,14362,169,14365,7358,0,14365,0.13,0.00,0.16
Bubble Sort,180,15732,179,16110,6795,0,16110,0.18,0.00,0.18
Bubble Sort,190,17889,189,17955,9033,0,17955,0.16,0.00,0.21
Bubble Sort,200,19845,199,19900,10266,0,19900,0.18,0.00,0.22
Bubble Sort,210,21840,209,21945,11550,0,21945,0.09,0.00,0.09
Bubble Sort,220,24012,219,24090,12716,0,24090,0.10,0.00,0.09
Bubble Sort,230,26314,229,26335,14281,0,26335,0.11,0.00,0.10
Bubble Sort,240,28329,239,28680,13973,0,28680,0.12,0.00,0.10
Bubble Sort,250,31119,249,31125,15977,0,31125,0.13,0.00,0.11
Bubble Sort,260,33592,259,33670,17619,0,33670,0.16,0.00,0.12
Bubble Sort,270,35937,269,36315,18439,0,36315,0.14,0.00,0.14
Bubble Sort,280,38625,279,39060,19860,0,39060,0.17,0.00,0.14
Bubble Sort,290,41899,289,41905,21481,0,41905,0.17,0.00,0.15
Bubble Sort,300,44805,299,44850,22602,0,44850,0.18,0.00,0.17
Bubble Sort,310,47859,309,47895,24825,0,47895,0.19,0.00,0.17
Bubble Sort,320,50869,319,51040,25314,0,51040,0.20,0.00,0.19
Bubble Sort,330,54095,329,54285,25916,0,54285,0.21,0.00,0.20
Bubble Sort,340,57399,339,57630,29503,0,57630,0.23,0.00,0.21
Bubble Sort,350,60970,349,61075,32868,0,61075,0.24,0.00,0.23
Bubble Sort,360,64449,359,64620,32895,0,64620,0.25,0.00,0.24
Bubble Sort,370,67319,369,68265,34686,0,68265,0.26,0.00,0.25
Bubble Sort,380,72000,379,72010,36565,0,72010,0.28,0.00,0.26
Bubble Sort,390,75845,389,75855,37385,0,75855,0.30,0.00,0.27
Bubble Sort,400,79772,399,79800,37885,0,79800,0.31,0.00,0.29
Bubble Sort,410,83317,409,83845,40029,0,83845,0.32,0.00,0.30
Bubble Sort,420,87462,419,87990,44737,0,87990,0.34,0.00,0.32
Bubble Sort,430,91884,429,92235,45977,0,92235,0.35,0.00,0.33
Bubble Sort,440,96535,439,96580,50050,0,96580,0.37,0.00,0.35
Bubble Sort,450,100997,449,101025,48642,0,101025,0.39,0.00,0.36
Bubble Sort,460,105270,459,105570,53694,0,105570,0.40,0.00,0.38
Bubble Sort,470,109864,469,110215,52707,0,110215,0.43,0.00,0.39
Bubble Sort,480,114399,479,114960,57576,0,114960,0.43,0.00,0.41
Bubble Sort,490,119795,489,119805,61014,0,119805,0.45,0.00,0.43
Bubble Sort,500,124540,499,124750,61507,0,124750,0.47,0.00,0.45
Bubble Sort,510,129624,509,129795,62943,0,129795,0.49,0.00,0.46
Bubble Sort,520,134804,519,134940,67426,0,134940,0.51,0.00,0.49
Bubble Sort,530,140080,529,140185,70816,0,140185,0.52,0.00,0.51
Bubble Sort,540,145230,539,145530,75091,0,145530,0.55,0.00,0.52
Bubble Sort,550,150920,549,150975,73930,0,150975,0.57,0.00,0.54
Bubble Sort,560,156400,559,156520,76687,0,156520,0.58,0.00,0.56
Bubble Sort,570,161304,569,162165,82988,0,162165,0.61,0.00,0.58
Bubble Sort,580,166829,579,167910,80788,0,167910,0.63,0.00,0.60
Bubble Sort,590,173727,589,173755,84964,0,173755,0.65,0.00,0.62
Bubble Sort,600,179564,599,179700,88393,0,179700,0.67,0.00,0.64
Bubble Sort,610,185280,609,185745,96526,0,185745,0.69,0.00,0.66
Bubble Sort,620,191110,619,191890,94237,0,191890,0.71,0.00,0.69
Bubble Sort,630,198099,629,198135,97449,0,198135,0.74,0.00,0.71
Bubble Sort,640,204389,639,204480,102333,0,204480,0.76,0.00,0.73
Bubble Sort,650,210649,649,210925,102343,0,210925,0.78,0.00,0.76
Bubble Sort,660,217350,659,217470,107457,0,217470,0.81,0.00,0.78
Bubble Sort,670,223449,669,224115,109707,0,224115,0.84,0.00,0.80
Bubble Sort,680,229090,679,230860,113866,0,230860,0.84,0.00,0.83
Bubble Sort,690,237639,689,237705,122099,0,237705,0.88,0.00,0.85
Bubble Sort,700,243522,699,244650,120636,0,244650,0.90,0.00,0.87
Bubble Sort,710,251065,709,251695,128012,0,251695,0.93,0.00,0.90
Bubble Sort,720,258405,719,258840,130423,0,258840,0.95,0.00,0.93
Bubble Sort,730,265679,729,266085,134594,0,266085,0.98,0.00,0.95
Bubble Sort,740,273024,739,273430,137254,0,273430,1.00,0.00,0.99
Bubble Sort,750,280314,749,280875,143532,0,280875,1.04,0.00,1.00
Bubble Sort,760,287430,759,288420,138819,0,288420,1.06,0.00,1.03
Bubble Sort,770,293139,769,296065,145111,0,296065,1.08,0.00,1.06
Bubble Sort,780,302157,779,303810,147530,0,303810,1.10,0.00,1.08
Bubble Sort,790,310875,789,311655,160228,0,311655,1.14,0.00,1.12
Bubble Sort,800,318654,799,319600,159420,0,319600,1.16,0.00,1.14
Bubble Sort,810,327435,809,327645,164467,0,327645,1.19,0.00,1.17
Bubble Sort,820,334755,819,335790,167777,0,335790,1.22,0.00,1.20
Bubble Sort,830,343539,829,344035,167009,0,344035,1.25,0.00,1.23
Bubble Sort,840,351390,839,352380,173600,0,352380,1.28,0.00,1.26
Bubble Sort,850,360122,849,360825,178046,0,360825,1.31,0.00,1.29
Bubble Sort,860,368550,859,369370,182237,0,369370,1.34,0.00,1.32
Bubble Sort,870,376934,869,378015,187631,0,378015,1.38,0.00,1.35
Bubble Sort,880,386094,879,386760,196660,0,386760,1.40,0.00,1.38
Bubble Sort,890,394975,889,395605,199611,0,395605,1.44,0.00,1.41
Bubble Sort,900,403689,899,404550,204231,0,404550,1.46,0.00,1.44
Bubble Sort,910,412734,909,413595,201014,0,413595,1.49,0.00,1.47
Bubble Sort,920,422530,919,422740,215309,0,422740,1.53,0.00,1.51
Bubble Sort,930,431709,929,431985,213654,0,431985,1.57,0.00,1.54
Bubble Sort,940,437760,939,441330,223526,0,441330,1.61,0.00,1.57
Bubble Sort,950,450369,949,450775,226512,0,450775,1.63,0.00,1.62
Bubble Sort,960,459759,959,460320,238403,0,460320,1.67,0.00,1.64
Bubble Sort,970,467885,969,469965,236877,0,469965,1.69,0.00,1.68
Bubble Sort,980,476935,979,479710,245922,0,479710,1.74,0.00,1.71
Bubble Sort,990,488775,989,489555,241064,0,489555,1.76,0.00,2.61
Bubble Sort,1000,498720,999,499500,250182,0,499500,1.80,0.00,1.78
Insertion Sort,10,24,9,54,15,0,45,0.02,0.00,0.01
Insertion Sort,20,120,19,209,101,0,190,0.01,0.00,0.01
Insertion Sort,30,252,29,464,223,0,435,0.02,0.00,0.03
Insertion Sort,40,453,39,819,414,0,780,0.05,0.00,0.05
Insertion Sort,50,773,49,1274,724,0,1225,0.05,0.00,0.08
Insertion Sort,60,992,59,1829,933,0,1770,0.01,0.00,0.01
Insertion Sort,70,1394,69,2484,1325,0,2415,0.01,0.00,0.01
Insertion Sort,80,1777,79,3239,1698,0,3160,0.01,0.00,0.02
Insertion Sort,90,1927,89,4094,1838,0,4005,0.01,0.00,0.02
Insertion Sort,100,2516,99,5049,2417,0,4950,0.01,0.00,0.03
Insertion Sort,110,3140,109,6104,3031,0,5995,0.02,0.00,0.03
Insertion Sort,120,3657,119,7259,3538,0,7140,0.02,0.00,0.04
Insertion Sort,130,3993,129,8514,3864,0,8385,0.02,0.00,0.04
Insertion Sort,140,4881,139,9869,4742,0,9730,0.03,0.00,0.05
Insertion Sort,150,6050,149,11324,5901,0,11175,0.03,0.00,0.06
Insertion Sort,160,6434,159,12879,6275,0,12720,0.02,0.00,0.04
Insertion Sort,170,7527,169,14534,7358,0,14365,0.02,0.00,0.04
Insertion Sort,180,6974,179,16289,6795,0,16110,0.02,0.00,0.04
Insertion Sort,190,9222,189,18144,9033,0,17955,0.03,0.00,0.05
Insertion Sort,200,10465,199,20099,10266,0,19900,0.03,0.00,0.06
Insertion Sort,210,11759,209,22154,11550,0,21945,0.03,0.00,0.06
Insertion Sort,220,12935,219,24309,12716,0,24090,0.04,0.00,0.07
Insertion Sort,230,14510,229,26564,14281,0,26335,0.04,0.00,0.07
Insertion Sort,240,14212,239,28919,13973,0,28680,0.04,0.00,0.08
Insertion Sort,250,16226,249,31374,15977,0,31125,0.05,0.00,0.09
Insertion Sort,260,17878,259,33929,17619,0,33670,0.05,0.00,0.10
Insertion Sort,270,18708,269,36584,18439,0,36315,0.05,0.00,0.10
Insertion Sort,280,20139,279,39339,19860,0,39060,0.06,0.00,0.11
Insertion Sort,290,21770,289,42194,21481,0,41905,0.06,0.00,0.11
Insertion Sort,300,22901,299,45149,22602,0,44850,0.06,0.00,0.12
Insertion Sort,310,25134,309,48204,24825,0,47895,0.07,0.00,0.13
Insertion Sort,320,25633,319,51359,25314,0,51040,0.07,0.00,0.14
Insertion Sort,330,26245,329,54614,25916,0,54285,0.07,0.00,0.15
Insertion Sort,340,29842,339,57969,29503,0,57630,0.08,0.00,0.16
Insertion Sort,350,33217,349,61424,32868,0,61075,0.10,0.00,0.17
Insertion Sort,360,33254,359,64979,32895,0,64620,0.13,0.00,0.18
Insertion Sort,370,35055,369,68634,34686,0,68265,0.10,0.00,0.19
Insertion Sort,380,36944,379,72389,36565,0,72010,0.10,0.00,0.20
Insertion Sort,390,37774,389,76244,37385,0,75855,0.10,0.00,0.21
Insertion Sort,400,38284,399,80199,37885,0,79800,0.11,0.00,0.22
Insertion Sort,410,40438,409,84254,40029,0,83845,0.11,0.00,0.23
Insertion Sort,420,45156,419,88409,44737,0,87990,0.12,0.00,0.24
Insertion Sort,430,46406,429,92664,45977,0,92235,0.13,0.00,0.25
Insertion Sort,440,50489,439,97019,50050,0,96580,0.14,0.00,0.26
Insertion Sort,450,49091,449,101474,48642,0,101025,0.13,0.00,0.27
Insertion Sort,460,54153,459,106029,53694,0,105570,0.15,0.00,0.29
Insertion Sort,470,53176,469,110684,52707,0,110215,0.15,0.00,0.30
Insertion Sort,480,58055,479,115439,57576,0,114960,0.16,0.00,0.31
Insertion Sort,490,61503,489,120294,61014,0,119805,0.17,0.00,0.32
Insertion Sort,500,62006,499,125249,61507,0,124750,0.17,0.00,0.34
Insertion Sort,510,63452,509,130304,62943,0,129795,0.18,0.00,0.35
Insertion Sort,520,67945,519,135459,67426,0,134940,0.19,0.00,0.36
Insertion Sort,530,71345,529,140714,70816,0,140185,0.19,0.00,0.38
Insertion Sort,540,75630,539,146069,75091,0,145530,0.21,0.00,0.39
Insertion Sort,550,74479,549,151524,73930,0,150975,0.20,0.00,0.41
Insertion Sort,560,77246,559,157079,76687,0,156520,0.21,0.00,0.42
Insertion Sort,570,83557,569,162734,82988,0,162165,0.23,0.00,0.44
Insertion Sort,580,81367,579,168489,80788,0,167910,0.22,0.00,0.45
Insertion Sort,590,85553,589,174344,84964,0,173755,0.24,0.00,0.47
Insertion Sort,600,88992,599,180299,88393,0,179700,0.24,0.00,0.48
Insertion Sort,610,97135,609,186354,96526,0,185745,0.27,0.00,0.54
Insertion Sort,620,94856,619,192509,94237,0,191890,0.26,0.00,0.52
Insertion Sort,630,98078,629,198764,97449,0,198135,0.27,0.00,0.53
Insertion Sort,640,102972,639,205119,102333,0,204480,0.28,0.00,0.55
Insertion Sort,650,102992,649,211574,102343,0,210925,0.28,0.00,0.57
Insertion Sort,660,108116,659,218129,107457,0,217470,0.30,0.00,0.58
Insertion Sort,670,110376,669,224784,109707,0,224115,0.30,0.00,0.61
Insertion Sort,680,114545,679,231539,113866,0,230860,0.31,0.01,0.63
Insertion Sort,690,122788,689,238394,122099,0,237705,0.34,0.00,0.64
Insertion Sort,700,121335,699,245349,120636,0,244650,0.33,0.00,0.66
Insertion Sort,710,128721,709,252404,128012,0,251695,0.35,0.00,0.68
Insertion Sort,720,131142,719,259559,130423,0,258840,0.36,0.00,0.70
Insertion Sort,730,135323,729,266814,134594,0,266085,0.38,0.00,0.73
Insertion Sort,740,137993,739,274169,137254,0,273430,0.45,0.00,0.74
Insertion Sort,750,144281,749,281624,143532,0,280875,0.39,0.00,0.75
Insertion Sort,760,139578,759,289179,138819,0,288420,0.38,0.00,0.77
Insertion Sort,770,145880,769,296834,145111,0,296065,0.39,0.00,0.80
Insertion Sort,780,148309,779,304589,147530,0,303810,0.40,0.00,0.82
Insertion Sort,790,161017,789,312444,160228,0,311655,0.44,0.00,0.84
Insertion Sort,800,160219,799,320399,159420,0,319600,0.44,0.00,0.86
Insertion Sort,810,165276,809,328454,164467,0,327645,0.45,0.00,0.88
Insertion Sort,820,168596,819,336609,167777,0,335790,0.46,0.00,0.90
Insertion Sort,830,167838,829,344864,167009,0,344035,0.47,0.00,0.93
Insertion Sort,840,174439,839,353219,173600,0,352380,0.47,0.00,0.95
Insertion Sort,850,178895,849,361674,178046,0,360825,0.49,0.00,0.97
Insertion Sort,860,183096,859,370229,182237,0,369370,0.50,0.00,1.12
Insertion Sort,870,188500,869,378884,187631,0,378015,0.51,0.00,1.02
Insertion Sort,880,197539,879,387639,196660,0,386760,0.53,0.00,1.04
Insertion Sort,890,200500,889,396494,199611,0,395605,0.54,0.00,1.06
Insertion Sort,900,205130,899,405449,204231,0,404550,0.56,0.00,1.09
Insertion Sort,910,201923,909,414504,201014,0,413595,0.55,0.00,1.11
Insertion Sort,920,216228,919,423659,215309,0,422740,0.58,0.00,1.13
Insertion Sort,930,214583,929,432914,213654,0,431985,0.58,0.00,1.16
Insertion Sort,940,224465,939,442269,223526,0,441330,0.61,0.00,1.19
Insertion Sort,950,227461,949,451724,226512,0,450775,0.61,0.00,1.21
Insertion Sort,960,239362,959,461279,238403,0,460320,0.65,0.00,1.24
Insertion Sort,970,237846,969,470934,236877,0,469965,0.64,0.00,1.26
Insertion Sort,980,246901,979,480689,245922,0,479710,0.67,0.00,1.29
Insertion Sort,990,242053,989,490544,241064,0,489555,1.25,0.01,2.51
Insertion Sort,1000,251181,999,500499,250182,0,499500,0.68,0.00,1.34
Quick Sort,10,23,19,21,14,12,19,0.17,0.01,0.01
Quick Sort,20,77,54,58,45,24,44,0.02,0.01,0.01
Quick Sort,30,109,94,102,73,30,77,0.02,0.01,0.02
Quick Sort,40,172,143,156,115,48,105,0.04,0.03,0.05
Quick Sort,50,242,193,203,134,62,135,0.05,0.02,0.04
Quick Sort,60,321,243,264,220,62,172,0.04,0.01,0.03
Quick Sort,70,464,300,316,314,76,216,0.02,0.01,0.01
Quick Sort,80,575,360,386,223,96,248,0.02,0.01,0.02
Quick Sort,90,541,420,446,288,116,281,0.02,0.01,0.02
Quick Sort,100,607,480,514,398,126,317,0.03,0.01,0.03
Quick Sort,110,668,540,567,383,126,371,0.03,0.01,0.02
Quick Sort,120,730,600,634,421,126,401,0.04,0.01,0.02
Quick Sort,130,893,663,699,562,132,454,0.04,0.02,0.03
Quick Sort,140,1048,733,776,657,152,482,0.05,0.01,0.03
Quick Sort,150,1043,803,857,509,172,533,0.03,0.01,0.04
Quick Sort,160,1028,873,935,575,192,576,0.02,0.01,0.01
Quick Sort,170,1295,943,1004,769,212,611,0.02,0.01,0.01
Quick Sort,180,1343,1013,1088,708,232,643,0.02,0.01,0.02
Quick Sort,190,1396,1083,1143,696,252,705,0.02,0.01,0.02
Quick Sort,200,1476,1153,1225,750,254,740,0.04,0.01,0.06
Quick Sort,210,1620,1223,1293,738,254,777,0.02,0.01,0.02
Quick Sort,220,1657,1293,1379,839,254,830,0.03,0.01,0.01
Quick Sort,230,1924,1363,1442,1103,254,884,0.02,0.01,0.01
Quick Sort,240,1848,1433,1500,1109,254,927,0.02,0.01,0.01
Quick Sort,250,2015,1503,1588,1100,254,965,0.02,0.01,0.02
Quick Sort,260,2095,1578,1669,1066,264,1015,0.02,0.01,0.01
Quick Sort,270,2497,1658,1749,1565,284,1070,0.02,0.01,0.01
Quick Sort,280,2276,1738,1823,1214,304,1114,0.02,0.01,0.01
Quick Sort,290,2439,1818,1898,1308,324,1172,0.02,0.01,0.01
Quick Sort,300,2439,1898,1996,1416,344,1196,0.02,0.01,0.02
Quick Sort,310,2767,1978,2081,1330,364,1263,0.02,0.01,0.02
Quick Sort,320,2717,2058,2185,1625,384,1301,0.02,0.01,0.02
Quick Sort,330,3150,2138,2262,1729,404,1340,0.03,0.01,0.02
Quick Sort,340,3059,2218,2358,1451,424,1383,0.03,0.01,0.02
Quick Sort,350,2837,2298,2418,1605,444,1433,0.03,0.01,0.02
Quick Sort,360,2933,2378,2529,1596,464,1479,0.03,0.01,0.02
Quick Sort,370,3398,2458,2584,1886,484,1515,0.03,0.01,0.02
Quick Sort,380,3582,2538,2702,1950,504,1556,0.03,0.01,0.02
Quick Sort,390,3493,2618,2753,2006,510,1625,0.03,0.01,0.02
Quick Sort,400,3258,2698,2856,2052,510,1681,0.03,0.01,0.02
Quick Sort,410,3734,2778,2938,2150,510,1698,0.03,0.01,0.02
Quick Sort,420,3716,2858,3030,2157,510,1754,0.03,0.02,0.02
Quick Sort,430,4492,2938,3073,2268,510,1821,0.04,0.01,0.02
Quick Sort,440,4138,3018,3170,2380,510,1872,0.04,0.01,0.02
Quick Sort,450,4441,3098,3244,2526,510,1938,0.04,0.02,0.02
Quick Sort,460,4362,3178,3358,2357,510,1964,0.04,0.02,0.02
Quick Sort,470,4131,3258,3415,2409,510,2020,0.04,0.02,0.02
Quick Sort,480,4675,3338,3508,2799,510,2072,0.04,0.02,0.02
Quick Sort,490,4667,3418,3596,2410,510,2118,0.04,0.02,0.02
Quick Sort,500,5030,3498,3696,2845,510,2153,0.04,0.02,0.03
Quick Sort,510,4812,3578,3773,2688,510,2240,0.04,0.02,0.03
Quick Sort,520,5268,3667,3866,2891,528,2289,0.04,0.02,0.03
Quick Sort,530,4764,3757,3936,2605,548,2357,0.04,0.02,0.03
Quick Sort,540,4868,3847,4070,2747,568,2378,0.04,0.02,0.03
Quick Sort,550,4997,3937,4122,2582,588,2452,0.04,0.02,0.03
Quick Sort,560,4959,4027,4225,2738,608,2491,0.05,0.02,0.03
Quick Sort,570,5997,4117,4302,3324,628,2534,0.05,0.02,0.03
Quick Sort,580,5924,4207,4389,3222,648,2599,0.05,0.02,0.03
Quick Sort,590,6077,4297,4481,3057,668,2658,0.05,0.02,0.03
Quick Sort,600,5669,4387,4568,3126,688,2712,0.05,0.02,0.03
Quick Sort,610,6141,4477,4685,3282,708,2756,0.07,0.03,0.05
Quick Sort,620,5866,4567,4767,3458,728,2797,0.05,0.02,0.03
Quick Sort,630,6429,4657,4902,3670,748,2867,0.05,0.02,0.03
Quick Sort,640,5885,4747,5020,3339,768,2904,0.05,0.02,0.03
Quick Sort,650,6435,4837,5088,3485,788,2968,0.05,0.02,0.04
Quick Sort,660,6077,4927,5197,3104,808,3010,0.05,0.02,0.03
Quick Sort,670,6837,5017,5261,3412,828,3051,0.06,0.02,0.03
Quick Sort,680,6965,5107,5386,3336,848,3098,0.06,0.02,0.04
Quick Sort,690,6798,5197,5459,3384,868,3156,0.06,0.02,0.04
Quick Sort,700,6581,5287,5584,3550,888,3176,0.06,0.03,0.04
Quick Sort,710,6824,5377,5642,3515,908,3261,0.06,0.03,0.04
Quick Sort,720,7732,5467,5721,4216,928,3306,0.06,0.03,0.04
Quick Sort,730,8154,5557,5856,4381,948,3344,0.07,0.03,0.04
Quick Sort,740,7040,5647,5936,4015,968,3387,0.07,0.03,0.04
Quick Sort,750,8458,5737,6001,4950,988,3475,0.07,0.03,0.04
Quick Sort,760,8083,5827,6114,4127,1008,3510,0.07,0.03,0.04
Quick Sort,770,8169,5917,6209,5074,1022,3585,0.07,0.03,0.04
Quick Sort,780,8427,6007,6353,4936,1022,3611,0.07,0.03,0.04
Quick Sort,790,7977,6097,6411,4475,1022,3683,0.07,0.03,0.04
Quick Sort,800,8682,6187,6525,4179,1022,3722,0.07,0.03,0.04
Quick Sort,810,8140,6277,6593,4526,1022,3775,0.07,0.03,0.04
Quick Sort,820,7855,6367,6737,4194,1022,3800,0.07,0.03,0.04
Quick Sort,830,8819,6457,6744,3998,1022,3883,0.07,0.03,0.04
Quick Sort,840,8271,6547,6878,4743,1022,3932,0.07,0.03,0.05
Quick Sort,850,9188,6637,6938,4498,1022,3985,0.07,0.03,0.04
Quick Sort,860,9163,6727,7103,4816,1022,3994,0.10,0.04,0.05
Quick Sort,870,10276,6817,7140,4993,1022,4108,0.08,0.03,0.04
Quick Sort,880,8425,6907,7223,4848,1022,4152,0.07,0.03,0.05
Quick Sort,890,9909,6997,7360,4927,1022,4207,0.08,0.03,0.05
Quick Sort,900,10333,7087,7446,4688,1022,4263,0.08,0.03,0.05
Quick Sort,910,9141,7177,7492,5137,1022,4355,0.08,0.03,0.05
Quick Sort,920,10499,7267,7601,5543,1022,4414,0.08,0.03,0.05
Quick Sort,930,10362,7357,7710,5744,1022,4484,0.09,0.03,0.05
Quick Sort,940,10271,7447,7847,4841,1022,4506,0.08,0.03,0.05
Quick Sort,950,10476,7537,7877,5598,1022,4564,0.08,0.03,0.06
Quick Sort,960,9851,7627,8015,5239,1022,4600,0.08,0.03,0.05
Quick Sort,970,10737,7717,8047,6261,1022,4675,0.09,0.03,0.05
Quick Sort,980,10150,7807,8230,5847,1022,4721,0.09,0.03,0.05
Quick Sort,990,10684,7897,8301,5068,1022,4791,0.13,0.06,0.09
Quick Sort,1000,10061,7987,8406,5054,1022,4833,0.09,0.04,0.05
Heap Sort,10,39,41,35,27,30,21,0.09,0.06,0.01
Heap Sort,20,115,121,105,70,80,62,0.02,0.03,0.02
Heap Sort,30,207,211,188,130,136,107,0.04,0.07,0.03
Heap Sort,40,300,321,278,174,202,154,0.01,0.01,0.01
Heap Sort,50,413,434,379,236,270,207,0.02,0.02,0.02
Heap Sort,60,525,546,484,303,336,264,0.03,0.02,0.02
Heap Sort,70,643,674,592,369,410,325,0.03,0.03,0.02
Heap Sort,80,758,809,710,428,486,386,0.03,0.03,1.98
Heap Sort,90,897,946,825,519,566,451,0.04,0.06,0.04
Heap Sort,100,1020,1081,944,579,640,516,0.04,0.06,0.03
Heap Sort,110,1154,1214,1071,647,720,579,0.04,0.05,0.04
Heap Sort,120,1303,1350,1196,728,786,644,0.02,0.02,0.02
Heap Sort,130,1423,1490,1326,805,878,709,0.02,0.02,0.02
Heap Sort,140,1563,1645,1456,882,966,780,0.02,0.02,0.02
Heap Sort,150,1696,1802,1596,936,1054,849,0.02,0.02,0.02
Heap Sort,160,1845,1956,1736,1023,1136,928,0.02,0.02,0.02
Heap Sort,170,2012,2113,1858,1119,1228,989,0.03,0.03,0.02
Heap Sort,180,2147,2268,2002,1207,1314,1062,0.03,0.03,0.02
Heap Sort,190,2299,2423,2148,1269,1400,1139,0.03,0.03,0.03
Heap Sort,200,2443,2587,2275,1364,1488,1206,0.03,0.03,0.03
Heap Sort,210,2616,2741,2430,1444,1576,1295,0.03,0.03,0.03
Heap Sort,220,2776,2895,2587,1526,1662,1374,0.04,0.04,0.03
Heap Sort,230,2915,3048,2735,1616,1750,1451,0.04,0.05,0.03
Heap Sort,240,3079,3207,2871,1694,1832,1518,0.04,0.04,0.04
Heap Sort,250,3199,3363,3007,1763,1928,1591,0.06,0.05,0.04
Heap Sort,260,3345,3529,3163,1850,2014,1674,0.04,0.04,0.04
Heap Sort,270,3527,3703,3311,1944,2110,1753,0.05,0.04,0.04
Heap Sort,280,3717,3873,3452,2046,2206,1824,0.05,0.05,0.04
Heap Sort,290,3847,4059,3605,2106,2308,1905,0.05,0.06,0.04
Heap Sort,300,4042,4232,3759,2228,2410,1994,0.05,0.05,0.07
Heap Sort,310,4170,4406,3933,2290,2506,2091,0.05,0.05,0.05
Heap Sort,320,4370,4578,4092,2400,2590,2164,0.06,0.05,0.05
Heap Sort,330,4536,4754,4237,2493,2698,2241,0.07,0.06,0.05
Heap Sort,340,4686,4939,4379,2565,2802,2304,0.06,0.06,0.05
Heap Sort,350,4860,5112,4559,2652,2898,2419,0.06,0.06,0.05
Heap Sort,360,5032,5280,4711,2743,2980,2490,0.06,0.06,0.06
Heap Sort,370,5208,5464,4864,2834,3090,2587,0.07,0.06,0.06
Heap Sort,380,5326,5639,5030,2902,3190,2662,0.07,0.07,0.06
Heap Sort,390,5537,5812,5186,3010,3282,2743,0.07,0.07,0.06
Heap Sort,400,5727,5984,5352,3144,3372,2822,0.07,0.07,0.07
Heap Sort,410,5915,6169,5518,3248,3476,2921,0.08,0.08,0.06
Heap Sort,420,6051,6344,5695,3298,3578,3000,0.08,0.07,0.07
Heap Sort,430,6228,6518,5880,3406,3674,3117,0.08,0.07,0.06
Heap Sort,440,6365,6692,6002,3457,3762,3164,0.08,0.07,0.06
Heap Sort,450,6563,6874,6170,3594,3862,3253,0.08,0.08,0.07
Heap Sort,460,6731,7045,6351,3666,3964,3346,0.08,0.08,0.07
Heap Sort,470,6914,7222,6525,3769,4064,3447,0.08,0.08,0.07
Heap Sort,480,7071,7400,6659,3850,4156,3498,0.08,0.08,0.07
Heap Sort,490,7260,7577,6827,3947,4258,3595,0.09,0.08,0.07
Heap Sort,500,7418,7756,7010,4012,4354,3676,0.09,0.08,0.07
Heap Sort,510,7559,7929,7206,4130,4450,3799,0.09,0.09,0.08
Heap Sort,520,7768,8118,7321,4211,4542,3834,0.09,0.09,0.08
Heap Sort,530,7919,8316,7515,4280,4666,3959,0.10,0.09,0.08
Heap Sort,540,8150,8520,7694,4420,4770,4036,0.10,0.09,0.08
Heap Sort,550,8344,8717,7872,4548,4882,4139,0.10,0.09,0.09
Heap Sort,560,8500,8910,8050,4608,4982,4230,0.10,0.10,0.09
Heap Sort,570,8673,9104,8228,4702,5090,4317,0.10,0.10,0.09
Heap Sort,580,8880,9304,8378,4827,5196,4390,0.10,0.10,0.09
Heap Sort,590,9058,9507,8603,4934,5310,4513,0.11,0.10,0.09
Heap Sort,600,9255,9693,8718,5032,5404,4572,0.11,0.10,0.09
Heap Sort,610,9360,9893,8912,5071,5524,4673,0.18,0.17,0.14
Heap Sort,620,9635,10104,9083,5215,5634,4756,0.11,0.11,0.10
Heap Sort,630,9807,10296,9265,5327,5744,4853,0.12,0.11,0.10
Heap Sort,640,9999,10488,9432,5423,5842,4938,0.12,0.11,0.10
Heap Sort,650,10203,10686,9588,5547,5954,5005,0.12,0.11,0.10
Heap Sort,660,10357,10888,9794,5609,6060,5118,0.12,0.12,0.10
Heap Sort,670,10543,11083,9996,5706,6166,5229,0.12,0.12,0.11
Heap Sort,680,10758,11276,10125,5833,6268,5300,0.13,0.12,0.11
Heap Sort,690,10914,11467,10348,5909,6378,5403,0.13,0.12,0.11
Heap Sort,700,11124,11674,10512,6016,6488,5498,0.13,0.12,0.11
Heap Sort,710,11302,11872,10701,6116,6598,5595,0.13,0.13,0.11
Heap Sort,720,11483,12064,10833,6200,6704,5666,0.13,0.13,0.12
Heap Sort,730,11718,12266,11036,6351,6810,5761,0.14,0.13,0.12
Heap Sort,740,11842,12460,11216,6410,6910,5860,0.20,0.20,0.18
Heap Sort,750,12046,12657,11438,6516,7026,5983,0.15,0.13,0.12
Heap Sort,760,12237,12857,11561,6628,7134,6038,0.14,0.14,0.12
Heap Sort,770,12428,13050,11757,6717,7246,6127,0.15,0.14,0.12
Heap Sort,780,12658,13250,11918,6840,7350,6236,0.15,0.14,0.13
Heap Sort,790,12787,13454,12140,6902,7468,6343,0.15,0.14,0.13
Heap Sort,800,12999,13639,12293,7020,7554,6442,0.15,0.14,0.13
Heap Sort,810,13209,13832,12486,7122,7664,6505,0.15,0.15,0.13
Heap Sort,820,13379,14033,12658,7222,7766,6606,0.16,0.15,0.13
Heap Sort,830,13585,14231,12915,7332,7878,6725,0.16,0.15,0.14
Heap Sort,840,13774,14422,13017,7423,7978,6788,0.16,0.15,0.14
Heap Sort,850,13962,14624,13255,7555,8098,6919,0.17,0.15,0.14
Heap Sort,860,14160,14824,13399,7660,8202,7002,0.25,0.18,0.14
Heap Sort,870,14313,15027,13600,7726,8318,7083,0.17,0.16,0.14
Heap Sort,880,14557,15220,13762,7853,8416,7184,0.17,0.16,0.14
Heap Sort,890,14720,15406,13992,7924,8520,7281,0.17,0.16,0.15
Heap Sort,900,14956,15609,14182,8047,8626,7414,0.17,0.17,0.15
Heap Sort,910,15145,15812,14378,8182,8740,7501,0.18,0.17,0.15
Heap Sort,920,15333,16001,14517,8269,8836,7568,0.18,0.21,0.21
Heap Sort,930,15501,16199,14746,8355,8952,7679,0.18,0.17,0.16
Heap Sort,940,15679,16399,14905,8461,9060,7792,0.18,0.18,0.16
Heap Sort,950,15896,16599,15097,8567,9172,7871,0.19,0.18,0.16
Heap Sort,960,16095,16796,15204,8666,9274,7926,0.19,0.18,0.16
Heap Sort,970,16250,16993,15473,8755,9388,8073,0.19,0.18,0.16
Heap Sort,980,16471,17192,15634,8886,9498,8168,0.19,0.18,0.17
Heap Sort,990,16674,17387,15865,9023,9598,8281,0.31,0.26,0.25
Heap Sort,1000,16891,17583,15965,9118,9708,8316,0.20,0.18,0.17
Merge Sort,10,21,19,15,20,0,34,0.12,0.01,0.01
Merge Sort,20,60,48,40,59,0,88,0.03,0.02,0.02
Merge Sort,30,111,77,71,118,0,148,0.03,0.02,0.02
Merge Sort,40,167,116,100,166,0,216,0.04,0.03,0.04
Merge Sort,50,214,153,133,233,0,286,0.04,0.05,0.04
Merge Sort,60,288,184,172,288,0,356,0.06,0.04,0.05
Merge Sort,70,346,227,205,359,0,432,0.09,0.05,0.06
Merge Sort,80,410,272,240,404,0,512,0.02,0.01,0.01
Merge Sort,90,471,317,275,477,0,592,0.02,0.01,0.01
Merge Sort,100,554,356,316,535,0,672,0.02,0.01,0.01
Merge Sort,110,614,395,357,610,0,752,0.02,0.01,0.01
Merge Sort,120,685,428,404,692,0,832,0.02,0.02,0.03
Merge Sort,130,750,463,451,752,0,914,0.02,0.02,0.02
Merge Sort,140,829,524,480,848,0,1004,0.02,0.02,0.02
Merge Sort,150,899,579,515,884,0,1094,0.03,0.03,0.03
Merge Sort,160,955,624,560,1019,0,1184,0.03,0.02,0.02
Merge Sort,170,1052,679,595,1061,0,1274,0.03,0.02,0.02
Merge Sort,180,1119,724,640,1160,0,1364,0.03,0.02,0.02
Merge Sort,190,1199,763,691,1218,0,1454,0.03,0.02,0.02
Merge Sort,200,1289,812,732,1331,0,1544,0.03,0.02,0.02
Merge Sort,210,1359,859,775,1360,0,1634,0.03,0.02,0.02
Merge Sort,220,1442,900,824,1431,0,1724,0.03,0.02,0.02
Merge Sort,230,1523,941,873,1508,0,1814,0.03,0.03,0.02
Merge Sort,240,1599,976,928,1602,0,1904,0.04,0.02,0.03
Merge Sort,250,1687,1011,983,1694,0,1994,0.04,0.02,0.03
Merge Sort,260,1773,1056,1032,1779,0,2088,0.04,0.03,0.03
Merge Sort,270,1854,1125,1063,1847,0,2188,0.04,0.03,0.03
Merge Sort,280,1925,1188,1100,1911,0,2288,0.04,0.03,0.03
Merge Sort,290,2013,1247,1141,2024,0,2388,0.04,0.03,0.03
Merge Sort,300,2094,1308,1180,2089,0,2488,0.05,0.03,0.03
Merge Sort,310,2197,1363,1225,2187,0,2588,0.05,0.03,0.03
Merge Sort,320,2260,1408,1280,2226,0,2688,0.05,0.03,0.04
Merge Sort,330,2367,1473,1315,2321,0,2788,0.05,0.03,0.04
Merge Sort,340,2454,1528,1360,2455,0,2888,0.05,0.03,0.04
Merge Sort,350,2537,1577,1411,2548,0,2988,0.05,0.04,0.04
Merge Sort,360,2613,1628,1460,2616,0,3088,0.06,0.04,0.04
Merge Sort,370,2702,1675,1513,2669,0,3188,0.06,0.04,0.04
Merge Sort,380,2771,1716,1572,2782,0,3288,0.06,0.04,0.04
Merge Sort,390,2873,1769,1619,2837,0,3388,0.06,0.04,0.04
Merge Sort,400,2969,1824,1664,2964,0,3488,0.06,0.04,0.04
Merge Sort,410,3045,1879,1709,3008,0,3588,0.06,0.04,0.05
Merge Sort,420,3157,1928,1760,3106,0,3688,0.07,0.04,0.05
Merge Sort,430,3232,1977,1811,3240,0,3788,0.07,0.04,0.05
Merge Sort,440,3332,2020,1868,3298,0,3888,0.07,0.05,0.05
Merge Sort,450,3418,2061,1927,3417,0,3988,0.07,0.05,0.05
Merge Sort,460,3497,2112,1976,3458,0,4088,0.07,0.05,0.05
Merge Sort,470,3598,2157,2031,3558,0,4188,0.08,0.05,0.05
Merge Sort,480,3699,2192,2096,3684,0,4288,0.08,0.05,0.06
Merge Sort,490,3780,2237,2151,3768,0,4388,0.08,0.05,0.06
Merge Sort,500,3856,2272,2216,3831,0,4488,1.07,0.05,0.07
Merge Sort,510,3961,2301,2287,3933,0,4588,0.08,0.06,0.06
Merge Sort,520,4027,2372,2324,4060,0,4696,0.09,0.05,0.06
Merge Sort,530,4127,2449,2357,4045,0,4806,0.09,0.06,0.06
Merge Sort,540,4243,2520,2396,4250,0,4916,0.09,0.06,0.06
Merge Sort,550,4337,2591,2435,4354,0,5026,0.09,0.06,0.06
Merge Sort,560,4413,2656,2480,4397,0,5136,0.09,0.06,0.07
Merge Sort,570,4513,2721,2525,4498,0,5246,0.09,0.06,0.07
Merge Sort,580,4621,2784,2572,4585,0,5356,0.10,0.06,0.07
Merge Sort,590,4686,2853,2613,4769,0,5466,0.10,0.07,0.07
Merge Sort,600,4789,2916,2660,4779,0,5576,0.10,0.06,0.07
Merge Sort,610,4883,2975,2711,4896,0,5686,0.15,0.08,0.07
Merge Sort,620,5003,3036,2760,5015,0,5796,0.10,0.07,0.07
Merge Sort,630,5081,3091,2815,5081,0,5906,0.10,0.07,0.07
Merge Sort,640,5195,3136,2880,5153,0,6016,0.11,0.07,0.08
Merge Sort,650,5261,3211,2915,5261,0,6126,0.11,0.07,0.08
Merge Sort,660,5360,3276,2960,5309,0,6236,0.11,0.07,0.08
Merge Sort,670,5447,3335,3011,5491,0,6346,0.11,0.07,0.08
Merge Sort,680,5571,3396,3060,5589,0,6456,0.12,0.08,0.08
Merge Sort,690,5677,3453,3113,5683,0,6566,0.11,0.08,0.08
Merge Sort,700,5725,3504,3172,5783,0,6676,0.12,0.08,0.09
Merge Sort,710,5854,3561,3225,5863,0,6786,0.12,0.08,0.09
Merge Sort,720,5922,3616,3280,5923,0,6896,0.12,0.08,0.09
Merge Sort,730,6050,3671,3335,6004,0,7006,0.12,0.09,0.09
Merge Sort,740,6172,3720,3396,6123,0,7116,0.14,0.10,0.11
Merge Sort,750,6227,3769,3457,6224,0,7226,0.13,0.08,0.09
Merge Sort,760,6288,3812,3524,6265,0,7336,0.13,0.08,0.09
Merge Sort,770,6438,3857,3589,6430,0,7446,0.13,0.09,0.10
Merge Sort,780,6529,3928,3628,6512,0,7556,0.13,0.09,0.09
Merge Sort,790,6605,3993,3673,6613,0,7666,0.14,0.09,0.10
Merge Sort,800,6701,4048,3728,6795,0,7776,0.13,0.09,0.10
Merge Sort,810,6858,4113,3773,6698,0,7886,0.14,0.09,0.10
Merge Sort,820,6923,4168,3828,6936,0,7996,0.14,0.09,0.10
Merge Sort,830,7020,4217,3889,7009,0,8106,0.14,0.09,0.10
Merge Sort,840,7114,4276,3940,7138,0,8216,0.15,0.09,0.10
Merge Sort,850,7223,4333,3993,7199,0,8326,0.15,0.09,0.10
Merge Sort,860,7316,4384,4052,7347,0,8436,0.15,0.10,0.10
Merge Sort,870,7419,4435,4111,7406,0,8546,0.15,0.10,0.11
Merge Sort,880,7521,4480,4176,7430,0,8656,0.15,0.10,0.11
Merge Sort,890,7617,4525,4241,7576,0,8766,0.15,0.10,0.11
Merge Sort,900,7726,4572,4304,7699,0,8876,0.15,0.10,0.11
Merge Sort,910,7789,4631,4355,7804,0,8986,0.16,0.10,0.11
Merge Sort,920,7902,4684,4412,7917,0,9096,0.28,0.15,0.17
Merge Sort,930,8040,4733,4473,8010,0,9206,0.16,0.10,0.12
Merge Sort,940,8102,4784,4532,8047,0,9316,0.16,0.11,0.12
Merge Sort,950,8212,4829,4597,8204,0,9426,0.16,0.11,0.12
Merge Sort,960,8323,4864,4672,8306,0,9536,0.17,0.11,0.12
Merge Sort,970,8438,4919,4727,8397,0,9646,0.17,0.11,0.44
Merge Sort,980,8511,4964,4792,8542,0,9756,0.17,0.11,0.12
Merge Sort,990,8606,5003,4863,8626,0,9866,0.23,0.11,0.13
Merge Sort,1000,8749,5044,4932,8755,0,9976,0.17,0.11,0.12
